OBJECTID,ADMUNAFR,ADMUNADU,ADMUNAGE,Communes,CODE_INS,arrond
1,AARTSELAAR,AARTSELAAR,AARTSELAAR,Aartselaar,11001,11
2,ANVERS,ANTWERPEN,ANTWERPEN,Antwerpen,11002,11
3,BOECHOUT,BOECHOUT,BOECHOUT,Boechout,11004,11
4,BOOM,BOOM,BOOM,Boom,11005,11
5,BORSBEEK,BORSBEEK,BORSBEEK,Borsbeek,11007,11
6,BRASSCHAAT,BRASSCHAAT,BRASSCHAAT,Brasschaat,11008,11
7,BRECHT,BRECHT,BRECHT,Brecht,11009,11
8,EDEGEM,EDEGEM,EDEGEM,Edegem,11013,11
9,ESSEN,ESSEN,ESSEN,Essen,11016,11
10,HEMIKSEM,HEMIKSEM,HEMIKSEM,Hemiksem,11018,11
11,HOVE,HOVE,HOVE,Hove,11021,11
12,KALMTHOUT,KALMTHOUT,KALMTHOUT,Kalmthout,11022,11
13,KAPELLEN,KAPELLEN,KAPELLEN,Kapellen,11023,11
14,KONTICH,KONTICH,KONTICH,Kontich,11024,11
15,LINT,LINT,LINT,Lint,11025,11
16,MORTSEL,MORTSEL,MORTSEL,Mortsel,11029,11
17,NIEL,NIEL,NIEL,Niel,11030,11
18,RANST,RANST,RANST,Ranst,11035,11
19,RUMST,RUMST,RUMST,Rumst,11037,11
20,SCHELLE,SCHELLE,SCHELLE,Schelle,11038,11
21,SCHILDE,SCHILDE,SCHILDE,Schilde,11039,11
22,SCHOTEN,SCHOTEN,SCHOTEN,Schoten,11040,11
23,STABROEK,STABROEK,STABROEK,Stabroek,11044,11
24,WIJNEGEM,WIJNEGEM,WIJNEGEM,Wijnegem,11050,11
25,WOMMELGEM,WOMMELGEM,WOMMELGEM,Wommelgem,11052,11
26,WUUSTWEZEL,WUUSTWEZEL,WUUSTWEZEL,Wuustwezel,11053,11
27,ZANDHOVEN,ZANDHOVEN,ZANDHOVEN,Zandhoven,11054,11
28,ZOERSEL,ZOERSEL,ZOERSEL,Zoersel,11055,11
29,ZWIJNDRECHT,ZWIJNDRECHT,ZWIJNDRECHT,Zwijndrecht,11056,11
30,MALLE,MALLE,MALLE,Malle,11057,11
31,BERLAAR,BERLAAR,BERLAAR,Berlaar,12002,12
32,BONHEIDEN,BONHEIDEN,BONHEIDEN,Bonheiden,12005,12
33,BORNEM,BORNEM,BORNEM,Bornem,12007,12
34,DUFFEL,DUFFEL,DUFFEL,Duffel,12009,12
35,HEIST-OP-DEN-BERG,HEIST-OP-DEN-BERG,HEIST-OP-DEN-BERG,Heist-op-den-Berg,12014,12
36,LIERRE,LIER,LIER,Lier,12021,12
37,MALINES,MECHELEN,MECHELEN,Mechelen,12025,12
38,NIJLEN,NIJLEN,NIJLEN,Nijlen,12026,12
39,PUTTE,PUTTE,PUTTE,Putte,12029,12
40,PUURS,PUURS,PUURS,Puurs,12030,12
41,SINT-AMANDS,SINT-AMANDS,SINT-AMANDS,Sint-Amands,12034,12
42,WAVRE-SAINTE-CATHERINE,SINT-KATELIJNE-WAVER,SINT-KATELIJNE-WAVER,Sint-Katelijne-Waver,12035,12
43,WILLEBROEK,WILLEBROEK,WILLEBROEK,Willebroek,12040,12
44,ARENDONK,ARENDONK,ARENDONK,Arendonk,13001,13
45,BAERLE-DUC,BAARLE-HERTOG,BAARLE-HERTOG,Baarle-Hertog,13002,13
46,BALEN,BALEN,BALEN,Balen,13003,13
47,BEERSE,BEERSE,BEERSE,Beerse,13004,13
48,DESSEL,DESSEL,DESSEL,Dessel,13006,13
49,GEEL,GEEL,GEEL,Geel,13008,13
50,GROBBENDONK,GROBBENDONK,GROBBENDONK,Grobbendonk,13010,13
51,HERENTALS,HERENTALS,HERENTALS,Herentals,13011,13
52,HERENTHOUT,HERENTHOUT,HERENTHOUT,Herenthout,13012,13
53,HERSELT,HERSELT,HERSELT,Herselt,13013,13
54,HOOGSTRATEN,HOOGSTRATEN,HOOGSTRATEN,Hoogstraten,13014,13
55,HULSHOUT,HULSHOUT,HULSHOUT,Hulshout,13016,13
56,KASTERLEE,KASTERLEE,KASTERLEE,Kasterlee,13017,13
57,LILLE,LILLE,LILLE,Lille,13019,13
58,MEERHOUT,MEERHOUT,MEERHOUT,Meerhout,13021,13
59,MERKSPLAS,MERKSPLAS,MERKSPLAS,Merksplas,13023,13
60,MOL,MOL,MOL,Mol,13025,13
61,OLEN,OLEN,OLEN,Olen,13029,13
62,OUD-TURNHOUT,OUD-TURNHOUT,OUD-TURNHOUT,Oud-Turnhout,13031,13
63,RAVELS,RAVELS,RAVELS,Ravels,13035,13
64,RETIE,RETIE,RETIE,Retie,13036,13
65,RIJKEVORSEL,RIJKEVORSEL,RIJKEVORSEL,Rijkevorsel,13037,13
66,TURNHOUT,TURNHOUT,TURNHOUT,Turnhout,13040,13
67,VORSELAAR,VORSELAAR,VORSELAAR,Vorselaar,13044,13
68,VOSSELAAR,VOSSELAAR,VOSSELAAR,Vosselaar,13046,13
69,WESTERLO,WESTERLO,WESTERLO,Westerlo,13049,13
70,LAAKDAL,LAAKDAL,LAAKDAL,Laakdal,13053,13
71,ANDERLECHT,ANDERLECHT,ANDERLECHT,Anderlecht,21001,21
72,AUDERGHEM,OUDERGHEM,AUDERGHEM,Oudergem,21002,21
73,BERCHEM-SAINTE-AGATHE,SINT-AGATHA-BERCHEM,SINT-AGATHA-BERCHEM,Sint-Agatha-Berchem,21003,21
74,BRUXELLES,BRUSSEL,BRUSSEL,Bruxelles,21004,21
75,ETTERBEEK,ETTERBEEK,ETTERBEEK,Etterbeek,21005,21
76,EVERE,EVERE,EVERE,Evere,21006,21
77,FOREST,VORST,VORST,Forest,21007,21
78,GANSHOREN,GANSHOREN,GANSHOREN,Ganshoren,21008,21
79,IXELLES,ELSENE,ELSENE,Ixelles,21009,21
80,JETTE,JETTE,JETTE,Jette,21010,21
81,KOEKELBERG,KOEKELBERG,KOEKELBERG,Koekelberg,21011,21
82,MOLENBEEK-SAINT-JEAN,SINT-JANS-MOLENBEEK,SINT-JANS-MOLENBEEK,Sint-Jans-Molenbeek,21012,21
83,SAINT-GILLES,SINT-GILLIS,SINT-GILLIS,Saint-Gilles,21013,21
84,SAINT-JOSSE-TEN-NOODE,SINT-JOOST-TEN-NODE,SINT-JOOST-TEN-NODE,Sint-Joost-ten-Node,21014,21
85,SCHAERBEEK,SCHAARBEEK,SCHAARBEEK,Schaerbeek,21015,21
86,UCCLE,UKKEL,UKKEL,Uccle,21016,21
87,WATERMAEL-BOITSFORT,WATERMAAL-BOSVOORDE,WATERMAAL-BOSVOORDE,Watermael-Boitsfort,21017,21
88,WOLUWE-SAINT-LAMBERT,SINT-LAMBRECHTS-WOLUWE,SINT-LAMBRECHTS-WOLUWE,Sint-Lambrechts-Woluwe,21018,21
89,WOLUWE-SAINT-PIERRE,SINT-PIETERS-WOLUWE,SINT-PIETERS-WOLUWE,Sint-Pieters-Woluwe,21019,21
90,ASSE,ASSE,ASSE,Asse,23002,23
91,BEERSEL,BEERSEL,BEERSEL,Beersel,23003,23
92,BIEVENE,BEVER,BEVER,Bever,23009,23
93,DILBEEK,DILBEEK,DILBEEK,Dilbeek,23016,23
94,GAMMERAGES,GALMAARDEN,GALMAARDEN,Galmaarden,23023,23
95,GOOIK,GOOIK,GOOIK,Gooik,23024,23
96,GRIMBERGEN,GRIMBERGEN,GRIMBERGEN,Grimbergen,23025,23
97,HALLE,HAL,HAL,Halle,23027,23
98,HERNE,HERNE,HERNE,Herne,23032,23
99,HOEILAART,HOEILAART,HOEILAART,Hoeilaart,23033,23
100,KAMPENHOUT,KAMPENHOUT,KAMPENHOUT,Kampenhout,23038,23
101,KAPELLE-OP-DEN-BOS,KAPELLE-OP-DEN-BOS,KAPELLE-OP-DEN-BOS,Kapelle-op-den-Bos,23039,23
102,LIEDEKERKE,LIEDEKERKE,LIEDEKERKE,Liedekerke,23044,23
103,LONDERZEEL,LONDERZEEL,LONDERZEEL,Londerzeel,23045,23
104,MACHELEN,MACHELEN,MACHELEN,Machelen,23047,23
105,MEISE,MEISE,MEISE,Meise,23050,23
106,MERCHTEM,MERCHTEM,MERCHTEM,Merchtem,23052,23
107,OPWIJK,OPWIJK,OPWIJK,Opwijk,23060,23
108,OVERIJSE,OVERIJSE,OVERIJSE,Overijse,23062,23
109,PEPINGEN,PEPINGEN,PEPINGEN,Pepingen,23064,23
110,SINT-PIETERS-LEEUW,SINT-PIETERS-LEEUW,SINT-PIETERS-LEEUW,Sint-Pieters-Leeuw,23077,23
111,STEENOKKERZEEL,STEENOKKERZEEL,STEENOKKERZEEL,Steenokkerzeel,23081,23
112,TERNAT,TERNAT,TERNAT,Ternat,23086,23
113,VILVORDE,VILVOORDE,VILVOORDE,Vilvoorde,23088,23
114,ZAVENTEM,ZAVENTEM,ZAVENTEM,Zaventem,23094,23
115,ZEMST,ZEMST,ZEMST,Zemst,23096,23
116,ROOSDAAL,ROOSDAAL,ROOSDAAL,Roosdaal,23097,23
117,DROGENBOS,DROGENBOS,DROGENBOS,Drogenbos,23098,23
118,KRAAINEM,KRAAINEM,KRAAINEM,Kraainem,23099,23
119,LINKEBEEK,LINKEBEEK,LINKEBEEK,Linkebeek,23100,23
120,RHODE-SAINT-GENESE,SINT-GENESIUS-RODE,SINT-GENESIUS-RODE,Sint-Genesius-Rode,23101,23
121,WEMMEL,WEMMEL,WEMMEL,Wemmel,23102,23
122,WEZEMBEEK-OPPEM,WEZEMBEEK-OPPEM,WEZEMBEEK-OPPEM,Wezembeek-Oppem,23103,23
123,LENNIK,LENNIK,LENNIK,Lennik,23104,23
124,AFFLIGEM,AFFLIGEM,AFFLIGEM,Affligem,23105,23
125,AARSCHOT,AARSCHOT,AARSCHOT,Aarschot,24001,24
126,BEGIJNENDIJK,BEGIJNENDIJK,BEGIJNENDIJK,Begijnendijk,24007,24
127,BEKKEVOORT,BEKKEVOORT,BEKKEVOORT,Bekkevoort,24008,24
128,BERTEM,BERTEM,BERTEM,Bertem,24009,24
129,BIERBEEK,BIERBEEK,BIERBEEK,Bierbeek,24011,24
130,BOORTMEERBEEK,BOORTMEERBEEK,BOORTMEERBEEK,Boortmeerbeek,24014,24
131,BOUTERSEM,BOUTERSEM,BOUTERSEM,Boutersem,24016,24
132,DIEST,DIEST,DIEST,Diest,24020,24
133,GEETBETS,GEETBETS,GEETBETS,Geetbets,24028,24
134,HAACHT,HAACHT,HAACHT,Haacht,24033,24
135,HERENT,HERENT,HERENT,Herent,24038,24
136,HOEGAARDEN,HOEGAARDEN,HOEGAARDEN,Hoegaarden,24041,24
137,HOLSBEEK,HOLSBEEK,HOLSBEEK,Holsbeek,24043,24
138,HULDENBERG,HULDENBERG,HULDENBERG,Huldenberg,24045,24
139,KEERBERGEN,KEERBERGEN,KEERBERGEN,Keerbergen,24048,24
140,KORTENAKEN,KORTENAKEN,KORTENAKEN,Kortenaken,24054,24
141,KORTENBERG,KORTENBERG,KORTENBERG,Kortenberg,24055,24
142,LANDEN,LANDEN,LANDEN,Landen,24059,24
143,LOUVAIN,LEUVEN,LEUVEN,Leuven,24062,24
144,LUBBEEK,LUBBEEK,LUBBEEK,Lubbeek,24066,24
145,OUD-HEVERLEE,OUD-HEVERLEE,OUD-HEVERLEE,Oud-Heverlee,24086,24
146,ROTSELAAR,ROTSELAAR,ROTSELAAR,Rotselaar,24094,24
147,TERVUREN,TERVUREN,TERVUREN,Tervuren,24104,24
148,TIRLEMONT,TIENEN,TIENEN,Tienen,24107,24
149,TREMELO,TREMELO,TREMELO,Tremelo,24109,24
150,LEAU,ZOUTLEEUW,ZOUTLEEUW,Zoutleeuw,24130,24
151,LINTER,LINTER,LINTER,Linter,24133,24
152,MONTAIGU-ZICHEM,SCHERPENHEUVEL-ZICHEM,SCHERPENHEUVEL-ZICHEM,Scherpenheuvel-Zichem,24134,24
153,TIELT-WINGE,TIELT-WINGE,TIELT-WINGE,Tielt-Winge,24135,24
154,GLABBEEK,GLABBEEK,GLABBEEK,Glabbeek,24137,24
155,BEAUVECHAIN,BEVEKOM,BEAUVECHAIN,Beauvechain,25005,25
156,BRAINE-L'ALLEUD,EIGENBRAKEL,BRAINE-L'ALLEUD,Braine-l'Alleud,25014,25
157,BRAINE-LE-CHATEAU,KASTEELBRAKEL,BRAINE-LE-CHATEAU,Braine-le-Château,25015,25
158,CHAUMONT-GISTOUX,CHAUMONT-GISTOUX,CHAUMONT-GISTOUX,Chaumont-Gistoux,25018,25
159,COURT-SAINT-ETIENNE,COURT-SAINT-ETIENNE,COURT-SAINT-ETIENNE,Court-Saint-Etienne,25023,25
160,GENAPPE,GENEPIEN,GENAPPE,Genappe,25031,25
161,GREZ-DOICEAU,GRAVEN,GREZ-DOICEAU,Grez-Doiceau,25037,25
162,INCOURT,INCOURT,INCOURT,Incourt,25043,25
163,ITTRE,ITTER,ITTRE,Ittre,25044,25
164,JODOIGNE,GELDENAKEN,JODOIGNE,Jodoigne,25048,25
165,LA HULPE,TERHULPEN,LA HULPE,La Hulpe,25050,25
166,MONT-SAINT-GUIBERT,MONT-SAINT-GUIBERT,MONT-SAINT-GUIBERT,Mont-Saint-Guibert,25068,25
167,NIVELLES,NIJVEL,NIVELLES,Nivelles,25072,25
168,PERWEZ,PERWIJS,PERWEZ,Perwez,25084,25
169,RIXENSART,RIXENSART,RIXENSART,Rixensart,25091,25
170,TUBIZE,TUBEKE,TUBIZE,Tubize,25105,25
171,VILLERS-LA-VILLE,VILLERS-LA-VILLE,VILLERS-LA-VILLE,Villers-la-Ville,25107,25
172,WATERLOO,WATERLOO,WATERLOO,Waterloo,25110,25
173,WAVRE,WAVER,WAVRE,Wavre,25112,25
174,CHASTRE,CHASTRE,CHASTRE,Chastre,25117,25
175,HELECINE,HELECINE,HELECINE,Hélécine,25118,25
176,LASNE,LASNE,LASNE,Lasne,25119,25
177,ORP-JAUCHE,ORP-JAUCHE,ORP-JAUCHE,Orp-Jauche,25120,25
178,OTTIGNIES-LOUVAIN-LA-NEU,OTTIGNIES-LOUVAIN-LA-NEU,OTTIGNIES-LOUVAIN-LA-NEU,Ottignies-Louvain-la-Neuve,25121,25
179,RAMILLIES,RAMILLIES,RAMILLIES,Ramillies,25122,25
180,REBECQ,REBECQ,REBECQ,Rebecq,25123,25
181,WALHAIN,WALHAIN,WALHAIN,Walhain,25124,25
182,BEERNEM,BEERNEM,BEERNEM,Beernem,31003,31
183,BLANKENBERGE,BLANKENBERGE,BLANKENBERGE,Blankenberge,31004,31
184,BRUGES,BRUGGE,BRUGGE,Brugge,31005,31
185,DAMME,DAMME,DAMME,Damme,31006,31
186,JABBEKE,JABBEKE,JABBEKE,Jabbeke,31012,31
187,OOSTKAMP,OOSTKAMP,OOSTKAMP,Oostkamp,31022,31
188,TORHOUT,TORHOUT,TORHOUT,Torhout,31033,31
189,ZEDELGEM,ZEDELGEM,ZEDELGEM,Zedelgem,31040,31
190,ZUIENKERKE,ZUIENKERKE,ZUIENKERKE,Zuienkerke,31042,31
191,KNOKKE-HEIST,KNOKKE-HEIST,KNOKKE-HEIST,Knokke-Heist,31043,31
192,DIXMUDE,DIKSMUIDE,DIKSMUIDE,Diksmuide,32003,32
193,HOUTHULST,HOUTHULST,HOUTHULST,Houthulst,32006,32
194,KOEKELARE,KOEKELARE,KOEKELARE,Koekelare,32010,32
195,KORTEMARK,KORTEMARK,KORTEMARK,Kortemark,32011,32
196,LO-RENINGE,LO-RENINGE,LO-RENINGE,Lo-Reninge,32030,32
197,YPRES,IEPER,IEPER,Ieper,33011,33
198,MESSINES,MESEN,MESEN,Mesen,33016,33
199,POPERINGE,POPERINGE,POPERINGE,Poperinge,33021,33
200,WERVIK,WERVIK,WERVIK,Wervik,33029,33
201,ZONNEBEKE,ZONNEBEKE,ZONNEBEKE,Zonnebeke,33037,33
202,HEUVELLAND,HEUVELLAND,HEUVELLAND,Heuvelland,33039,33
203,LANGEMARK-POELKAPELLE,LANGEMARK-POELKAPELLE,LANGEMARK-POELKAPELLE,Langemark-Poelkapelle,33040,33
204,VLETEREN,VLETEREN,VLETEREN,Vleteren,33041,33
205,ANZEGEM,ANZEGEM,ANZEGEM,Anzegem,34002,34
206,AVELGEM,AVELGEM,AVELGEM,Avelgem,34003,34
207,DEERLIJK,DEERLIJK,DEERLIJK,Deerlijk,34009,34
208,HARELBEKE,HARELBEKE,HARELBEKE,Harelbeke,34013,34
209,COURTRAI,KORTRIJK,KORTRIJK,Kortrijk,34022,34
210,KUURNE,KUURNE,KUURNE,Kuurne,34023,34
211,LENDELEDE,LENDELEDE,LENDELEDE,Lendelede,34025,34
212,MENIN,MENEN,MENEN,Menen,34027,34
213,WAREGEM,WAREGEM,WAREGEM,Waregem,34040,34
214,WEVELGEM,WEVELGEM,WEVELGEM,Wevelgem,34041,34
215,ZWEVEGEM,ZWEVEGEM,ZWEVEGEM,Zwevegem,34042,34
216,ESPIERRES-HELCHIN,SPIERE-HELKIJN,SPIERE-HELKIJN,Spiere-Helkijn,34043,34
217,BREDENE,BREDENE,BREDENE,Bredene,35002,35
218,GISTEL,GISTEL,GISTEL,Gistel,35005,35
219,ICHTEGEM,ICHTEGEM,ICHTEGEM,Ichtegem,35006,35
220,MIDDELKERKE,MIDDELKERKE,MIDDELKERKE,Middelkerke,35011,35
221,OSTENDE,OOSTENDE,OOSTENDE,Oostende,35013,35
222,OUDENBURG,OUDENBURG,OUDENBURG,Oudenburg,35014,35
223,LE COQ,DE HAAN,DE HAAN,De Haan,35029,35
224,HOOGLEDE,HOOGLEDE,HOOGLEDE,Hooglede,36006,36
225,INGELMUNSTER,INGELMUNSTER,INGELMUNSTER,Ingelmunster,36007,36
226,IZEGEM,IZEGEM,IZEGEM,Izegem,36008,36
227,LEDEGEM,LEDEGEM,LEDEGEM,Ledegem,36010,36
228,LICHTERVELDE,LICHTERVELDE,LICHTERVELDE,Lichtervelde,36011,36
229,MOORSLEDE,MOORSLEDE,MOORSLEDE,Moorslede,36012,36
230,ROULERS,ROESELARE,ROESELARE,Roeselare,36015,36
231,STADEN,STADEN,STADEN,Staden,36019,36
232,DENTERGEM,DENTERGEM,DENTERGEM,Dentergem,37002,37
233,MEULEBEKE,MEULEBEKE,MEULEBEKE,Meulebeke,37007,37
234,OOSTROZEBEKE,OOSTROZEBEKE,OOSTROZEBEKE,Oostrozebeke,37010,37
235,PITTEM,PITTEM,PITTEM,Pittem,37011,37
236,RUISELEDE,RUISELEDE,RUISELEDE,Ruiselede,37012,37
237,TIELT,TIELT,TIELT,Tielt,37015,37
238,WIELSBEKE,WIELSBEKE,WIELSBEKE,Wielsbeke,37017,37
239,WINGENE,WINGENE,WINGENE,Wingene,37018,37
240,ARDOOIE,ARDOOIE,ARDOOIE,Ardooie,37020,37
241,ALVERINGEM,ALVERINGEM,ALVERINGEM,Alveringem,38002,38
242,LA PANNE,DE PANNE,DE PANNE,De Panne,38008,38
243,KOKSIJDE,KOKSIJDE,KOKSIJDE,Koksijde,38014,38
244,NIEUPORT,NIEUWPOORT,NIEUWPOORT,Nieuwpoort,38016,38
245,FURNES,VEURNE,VEURNE,Veurne,38025,38
246,ALOST,AALST,AALST,Aalst,41002,41
247,DENDERLEEUW,DENDERLEEUW,DENDERLEEUW,Denderleeuw,41011,41
248,GRAMMONT,GERAARDSBERGEN,GERAARDSBERGEN,Geraardsbergen,41018,41
249,HAALTERT,HAALTERT,HAALTERT,Haaltert,41024,41
250,HERZELE,HERZELE,HERZELE,Herzele,41027,41
251,LEDE,LEDE,LEDE,Lede,41034,41
252,NINOVE,NINOVE,NINOVE,Ninove,41048,41
253,SINT-LIEVENS-HOUTEM,SINT-LIEVENS-HOUTEM,SINT-LIEVENS-HOUTEM,Sint-Lievens-Houtem,41063,41
254,ZOTTEGEM,ZOTTEGEM,ZOTTEGEM,Zottegem,41081,41
255,ERPE-MERE,ERPE-MERE,ERPE-MERE,Erpe-Mere,41082,41
256,BERLARE,BERLARE,BERLARE,Berlare,42003,42
257,BUGGENHOUT,BUGGENHOUT,BUGGENHOUT,Buggenhout,42004,42
258,TERMONDE,DENDERMONDE,DENDERMONDE,Dendermonde,42006,42
259,HAMME,HAMME,HAMME,Hamme,42008,42
260,LAARNE,LAARNE,LAARNE,Laarne,42010,42
261,LEBBEKE,LEBBEKE,LEBBEKE,Lebbeke,42011,42
262,WAASMUNSTER,WAASMUNSTER,WAASMUNSTER,Waasmunster,42023,42
263,WETTEREN,WETTEREN,WETTEREN,Wetteren,42025,42
264,WICHELEN,WICHELEN,WICHELEN,Wichelen,42026,42
265,ZELE,ZELE,ZELE,Zele,42028,42
266,ASSENEDE,ASSENEDE,ASSENEDE,Assenede,43002,43
267,EEKLO,EEKLO,EEKLO,Eeklo,43005,43
268,KAPRIJKE,KAPRIJKE,KAPRIJKE,Kaprijke,43007,43
269,MALDEGEM,MALDEGEM,MALDEGEM,Maldegem,43010,43
270,SINT-LAUREINS,SINT-LAUREINS,SINT-LAUREINS,Sint-Laureins,43014,43
271,ZELZATE,ZELZATE,ZELZATE,Zelzate,43018,43
272,AALTER,AALTER,AALTER,Aalter,44001,44
273,DEINZE,DEINZE,DEINZE,Deinze,44011,44
274,DE PINTE,DE PINTE,DE PINTE,De Pinte,44012,44
275,DESTELBERGEN,DESTELBERGEN,DESTELBERGEN,Destelbergen,44013,44
276,EVERGEM,EVERGEM,EVERGEM,Evergem,44019,44
277,GAVERE,GAVERE,GAVERE,Gavere,44020,44
278,GAND,GENT,GENT,Gent,44021,44
279,KNESSELARE,KNESSELARE,KNESSELARE,Knesselare,44029,44
280,LOCHRISTI,LOCHRISTI,LOCHRISTI,Lochristi,44034,44
281,LOVENDEGEM,LOVENDEGEM,LOVENDEGEM,Lovendegem,44036,44
282,MELLE,MELLE,MELLE,Melle,44040,44
283,MERELBEKE,MERELBEKE,MERELBEKE,Merelbeke,44043,44
284,MOERBEKE,MOERBEKE,MOERBEKE,Moerbeke,44045,44
285,NAZARETH,NAZARETH,NAZARETH,Nazareth,44048,44
286,NEVELE,NEVELE,NEVELE,Nevele,44049,44
287,OOSTERZELE,OOSTERZELE,OOSTERZELE,Oosterzele,44052,44
288,SINT-MARTENS-LATEM,SINT-MARTENS-LATEM,SINT-MARTENS-LATEM,Sint-Martens-Latem,44064,44
289,WAARSCHOOT,WAARSCHOOT,WAARSCHOOT,Waarschoot,44072,44
290,WACHTEBEKE,WACHTEBEKE,WACHTEBEKE,Wachtebeke,44073,44
291,ZOMERGEM,ZOMERGEM,ZOMERGEM,Zomergem,44080,44
292,ZULTE,ZULTE,ZULTE,Zulte,44081,44
293,KRUISHOUTEM,KRUISHOUTEM,KRUISHOUTEM,Kruishoutem,45017,45
294,AUDENARDE,OUDENAARDE,OUDENAARDE,Oudenaarde,45035,45
295,RENAIX,RONSE,RONSE,Ronse,45041,45
296,ZINGEM,ZINGEM,ZINGEM,Zingem,45057,45
297,BRAKEL,BRAKEL,BRAKEL,Brakel,45059,45
298,KLUISBERGEN,KLUISBERGEN,KLUISBERGEN,Kluisbergen,45060,45
299,WORTEGEM-PETEGEM,WORTEGEM-PETEGEM,WORTEGEM-PETEGEM,Wortegem-Petegem,45061,45
300,HOREBEKE,HOREBEKE,HOREBEKE,Horebeke,45062,45
301,LIERDE,LIERDE,LIERDE,Lierde,45063,45
302,MAARKEDAL,MAARKEDAL,MAARKEDAL,Maarkedal,45064,45
303,ZWALM,ZWALM,ZWALM,Zwalm,45065,45
304,BEVEREN,BEVEREN,BEVEREN,Beveren,46003,46
305,KRUIBEKE,KRUIBEKE,KRUIBEKE,Kruibeke,46013,46
306,LOKEREN,LOKEREN,LOKEREN,Lokeren,46014,46
307,SINT-GILLIS-WAAS,SINT-GILLIS-WAAS,SINT-GILLIS-WAAS,Sint-Gillis-Waas,46020,46
308,SAINT-NICOLAS,SINT-NIKLAAS,SINT-NIKLAAS,Saint-Nicolas,46021,46
309,STEKENE,STEKENE,STEKENE,Stekene,46024,46
310,TAMISE,TEMSE,TEMSE,Temse,46025,46
311,ATH,AAT,ATH,Ath,51004,51
312,BELOEIL,BELOEIL,BELOEIL,Belle,51008,51
313,BERNISSART,BERNISSART,BERNISSART,Bernissart,51009,51
314,BRUGELETTE,BRUGELETTE,BRUGELETTE,Brugelette,51012,51
315,CHIEVRES,CHIEVRES,CHIEVRES,Chièvres,51014,51
316,ELLEZELLES,ELZELE,ELLEZELLES,Ellezelles,51017,51
317,FLOBECQ,VLOESBERG,FLOBECQ,Flobecq,51019,51
318,FRASNES-LEZ-ANVAING,FRASNES-LEZ-ANVAING,FRASNES-LEZ-ANVAING,Frasnes-lez-Anvaing,51065,51
319,CHAPELLE-LEZ-HERLAIMONT,CHAPELLE-LEZ-HERLAIMONT,CHAPELLE-LEZ-HERLAIMONT,Chapelle-lez-Herlaimont,52010,52
320,CHARLEROI,CHARLEROI,CHARLEROI,Charleroi,52011,52
321,CHATELET,CHATELET,CHATELET,Châtelet,52012,52
322,COURCELLES,COURCELLES,COURCELLES,Courcelles,52015,52
323,FARCIENNES,FARCIENNES,FARCIENNES,Farciennes,52018,52
324,FLEURUS,FLEURUS,FLEURUS,Fleurus,52021,52
325,FONTAINE-L'EVEQUE,FONTAINE-L'EVEQUE,FONTAINE-L'EVEQUE,Fontaine-l'Evêque,52022,52
326,GERPINNES,GERPINNES,GERPINNES,Gerpinnes,52025,52
327,MANAGE,MANAGE,MANAGE,Manage,52043,52
328,MONTIGNY-LE-TILLEUL,MONTIGNY-LE-TILLEUL,MONTIGNY-LE-TILLEUL,Montigny-le-Tilleul,52048,52
329,PONT-A-CELLES,PONT-A-CELLES,PONT-A-CELLES,Pont-à-Celles,52055,52
330,SENEFFE,SENEFFE,SENEFFE,Seneffe,52063,52
331,AISEAU-PRESLES,AISEAU-PRESLES,AISEAU-PRESLES,Aiseau-Presles,52074,52
332,LES BONS VILLERS,LES BONS VILLERS,LES BONS VILLERS,Les Bons Villers,52075,52
333,BOUSSU,BOUSSU,BOUSSU,Boussu,53014,53
334,DOUR,DOUR,DOUR,Dour,53020,53
335,FRAMERIES,FRAMERIES,FRAMERIES,Frameries,53028,53
336,HENSIES,HENSIES,HENSIES,Hensies,53039,53
337,JURBISE,JURBEKE,JURBISE,Jurbise,53044,53
338,LENS,LENS,LENS,Lens,53046,53
339,MONS,BERGEN,MONS,Mons,53053,53
340,QUAREGNON,QUAREGNON,QUAREGNON,Quaregnon,53065,53
341,QUIEVRAIN,QUIEVRAIN,QUIEVRAIN,Quiévrain,53068,53
342,SAINT-GHISLAIN,SAINT-GHISLAIN,SAINT-GHISLAIN,Saint-Ghislain,53070,53
343,COLFONTAINE,COLFONTAINE,COLFONTAINE,Colfontaine,53082,53
344,HONNELLES,HONNELLES,HONNELLES,Honnelles,53083,53
345,QUEVY,QUEVY,QUEVY,Quévy,53084,53
346,MOUSCRON,MOESKROEN,MOUSCRON,Mouscron,54007,54
347,COMINES-WARNETON,KOMEN-WAASTEN,COMINES-WARNETON,Comines-Warneton,54010,54
348,BRAINE-LE-COMTE,'S GRAVENBRAKEL,BRAINE-LE-COMTE,Braine-le-Comte,55004,55
349,ENGHIEN,EDINGEN,ENGHIEN,Enghien,55010,55
350,LA LOUVIERE,LA LOUVIERE,LA LOUVIERE,La Louvière,55022,55
351,LESSINES,LESSEN,LESSINES,Lessines,55023,55
352,LE ROEULX,LE ROEULX,LE ROEULX,Le Roeulx,55035,55
353,SILLY,OPZULLIK,SILLY,Silly,55039,55
354,SOIGNIES,ZINNIK,SOIGNIES,Soignies,55040,55
355,ECAUSSINNES,ECAUSSINNES,ECAUSSINNES,Écaussinnes,55050,55
356,ANDERLUES,ANDERLUES,ANDERLUES,Anderlues,56001,56
357,BEAUMONT,BEAUMONT,BEAUMONT,Beaumont,56005,56
358,BINCHE,BINCHE,BINCHE,Binche,56011,56
359,CHIMAY,CHIMAY,CHIMAY,Chimay,56016,56
360,ERQUELINNES,ERQUELINNES,ERQUELINNES,Erquelinnes,56022,56
361,FROIDCHAPELLE,FROIDCHAPELLE,FROIDCHAPELLE,Froidchapelle,56029,56
362,LOBBES,LOBBES,LOBBES,Lobbes,56044,56
363,MERBES-LE-CHATEAU,MERBES-LE-CHATEAU,MERBES-LE-CHATEAU,Merbes-le-Château,56049,56
364,MOMIGNIES,MOMIGNIES,MOMIGNIES,Momignies,56051,56
365,THUIN,THUIN,THUIN,Thuin,56078,56
366,ESTINNES,ESTINNES,ESTINNES,Estinnes,56085,56
367,HAM-SUR-HEURE-NALINNES,HAM-SUR-HEURE-NALINNES,HAM-SUR-HEURE-NALINNES,Ham-sur-Heure-Nalinnes,56086,56
368,MORLANWELZ,MORLANWELZ,MORLANWELZ,Morlanwelz,56087,56
369,SIVRY-RANCE,SIVRY-RANCE,SIVRY-RANCE,Sivry-Rance,56088,56
370,ANTOING,ANTOING,ANTOING,Antoing,57003,57
371,CELLES,CELLES,CELLES,Celles,57018,57
372,ESTAIMPUIS,ESTAIMPUIS,ESTAIMPUIS,Estaimpuis,57027,57
373,PECQ,PECQ,PECQ,Pecq,57062,57
374,PERUWELZ,PERUWELZ,PERUWELZ,Péruwelz,57064,57
375,RUMES,RUMES,RUMES,Rumes,57072,57
376,TOURNAI,DOORNIK,TOURNAI,Tournai,57081,57
377,BRUNEHAUT,BRUNEHAUT,BRUNEHAUT,Brunehaut,57093,57
378,LEUZE-EN-HAINAUT,LEUZE-EN-HAINAUT,LEUZE-EN-HAINAUT,Leuze-en-Hainaut,57094,57
379,MONT-DE-L'ENCLUS,MONT-DE-L'ENCLUS,MONT-DE-L'ENCLUS,Mont-de-l'Enclus,57095,57
380,AMAY,AMAY,AMAY,Amay,61003,61
381,BURDINNE,BURDINNE,BURDINNE,Burdinne,61010,61
382,CLAVIER,CLAVIER,CLAVIER,Clavier,61012,61
383,FERRIERES,FERRIERES,FERRIERES,Ferrières,61019,61
384,HAMOIR,HAMOIR,HAMOIR,Hamoir,61024,61
385,HERON,HERON,HERON,Héron,61028,61
386,HUY,HOEI,HUY,Huy,61031,61
387,MARCHIN,MARCHIN,MARCHIN,Marchin,61039,61
388,MODAVE,MODAVE,MODAVE,Modave,61041,61
389,NANDRIN,NANDRIN,NANDRIN,Nandrin,61043,61
390,OUFFET,OUFFET,OUFFET,Ouffet,61048,61
391,VERLAINE,VERLAINE,VERLAINE,Verlaine,61063,61
392,VILLERS-LE-BOUILLET,VILLERS-LE-BOUILLET,VILLERS-LE-BOUILLET,Villers-le-Bouillet,61068,61
393,WANZE,WANZE,WANZE,Wanze,61072,61
394,ANTHISNES,ANTHISNES,ANTHISNES,Anthisnes,61079,61
395,ENGIS,ENGIS,ENGIS,Engis,61080,61
396,TINLOT,TINLOT,TINLOT,Tinlot,61081,61
397,ANS,ANS,ANS,Ans,62003,62
398,AWANS,AWANS,AWANS,Awans,62006,62
399,AYWAILLE,AYWAILLE,AYWAILLE,Aywaille,62009,62
400,BASSENGE,BITSINGEN,BASSENGE,Bitsingen,62011,62
401,BEYNE-HEUSAY,BEYNE-HEUSAY,BEYNE-HEUSAY,Beyne-Heusay,62015,62
402,CHAUDFONTAINE,CHAUDFONTAINE,CHAUDFONTAINE,Chaudfontaine,62022,62
403,COMBLAIN-AU-PONT,COMBLAIN-AU-PONT,COMBLAIN-AU-PONT,Comblain-au-Pont,62026,62
404,DALHEM,DALHEM,DALHEM,Dalhem,62027,62
405,ESNEUX,ESNEUX,ESNEUX,Esneux,62032,62
406,FLERON,FLERON,FLERON,Fléron,62038,62
407,HERSTAL,HERSTAL,HERSTAL,Herstal,62051,62
408,JUPRELLE,JUPRELLE,JUPRELLE,Juprelle,62060,62
409,LIEGE,LUIK,LIEGE,Liège,62063,62
410,OUPEYE,OUPEYE,OUPEYE,Oupeye,62079,62
411,SAINT-NICOLAS,SAINT-NICOLAS,SAINT-NICOLAS,Saint-Nicolas,62093,62
412,SERAING,SERAING,SERAING,Seraing,62096,62
413,SOUMAGNE,SOUMAGNE,SOUMAGNE,Soumagne,62099,62
414,SPRIMONT,SPRIMONT,SPRIMONT,Sprimont,62100,62
415,VISE,WEZET,VISE,Visé,62108,62
416,GRACE-HOLLOGNE,GRACE-HOLLOGNE,GRACE-HOLLOGNE,Grâce-Hollogne,62118,62
417,BLEGNY,BLEGNY,BLEGNY,Blégny,62119,62
418,FLEMALLE,FLEMALLE,FLEMALLE,Flémalle,62120,62
419,NEUPRE,NEUPRE,NEUPRE,Neupré,62121,62
420,TROOZ,TROOZ,TROOZ,Trooz,62122,62
421,AMBLEVE,AMEL,AMEL,Amel,63001,63
422,AUBEL,AUBEL,AUBEL,Aubel,63003,63
423,BAELEN,BAELEN,BAELEN,Baelen,63004,63
424,BULLANGE,BUELLINGEN,BUELLINGEN,Bullange,63012,63
425,BUTGENBACH,BUETGENBACH,BUETGENBACH,Butgenbach,63013,63
426,DISON,DISON,DISON,Dison,63020,63
427,EUPEN,EUPEN,EUPEN,Eupen,63023,63
428,HERVE,HERVE,HERVE,Herve,63035,63
429,JALHAY,JALHAY,JALHAY,Jalhay,63038,63
430,LA CALAMINE,KELMIS,KELMIS,La Calamine,63040,63
431,LIERNEUX,LIERNEUX,LIERNEUX,Lierneux,63045,63
432,LIMBOURG,LIMBURG,LIMBOURG,Limbourg,63046,63
433,LONTZEN,LONTZEN,LONTZEN,Lontzen,63048,63
434,MALMEDY,MALMEDY,MALMEDY,Malmedy,63049,63
435,OLNE,OLNE,OLNE,Olne,63057,63
436,PEPINSTER,PEPINSTER,PEPINSTER,Pepinster,63058,63
437,RAEREN,RAEREN,RAEREN,Raeren,63061,63
438,SAINT-VITH,SANKT VITH,SANKT VITH,Saint-Vith,63067,63
439,SPA,SPA,SPA,Spa,63072,63
440,STAVELOT,STAVELOT,STAVELOT,Stavelot,63073,63
441,STOUMONT,STOUMONT,STOUMONT,Stoumont,63075,63
442,THEUX,THEUX,THEUX,Theux,63076,63
443,VERVIERS,VERVIERS,VERVIERS,Verviers,63079,63
444,WAIMES,WEISMES,WAIMES,Waimes,63080,63
445,WELKENRAEDT,WELKENRAEDT,WELKENRAEDT,Welkenraedt,63084,63
446,TROIS-PONTS,TROIS-PONTS,TROIS-PONTS,Trois-Ponts,63086,63
447,BURG-REULAND,BURG-REULAND,BURG-REULAND,Burg-Reuland,63087,63
448,PLOMBIERES,PLOMBIERES,PLOMBIERES,Plombières,63088,63
449,THIMISTER-CLERMONT,THIMISTER-CLERMONT,THIMISTER-CLERMONT,Thimister-Clermont,63089,63
450,BERLOZ,BERLOZ,BERLOZ,Berloz,64008,64
451,BRAIVES,BRAIVES,BRAIVES,Braives,64015,64
452,CRISNEE,CRISNEE,CRISNEE,Crisnée,64021,64
453,DONCEEL,DONCEEL,DONCEEL,Donceel,64023,64
454,FEXHE-LE-HAUT-CLOCHER,FEXHE-LE-HAUT-CLOCHER,FEXHE-LE-HAUT-CLOCHER,Fexhe-le-Haut-Clocher,64025,64
455,GEER,GEER,GEER,Geer,64029,64
456,HANNUT,HANNUIT,HANNUT,Hannut,64034,64
457,LINCENT,LIJSEM,LINCENT,Lincent,64047,64
458,OREYE,OERLE,OREYE,Oreye,64056,64
459,REMICOURT,REMICOURT,REMICOURT,Remicourt,64063,64
460,SAINT-GEORGES-SUR-MEUSE,SAINT-GEORGES-SUR-MEUSE,SAINT-GEORGES-SUR-MEUSE,Saint-Georges-sur-Meuse,64065,64
461,WAREMME,BORGWORM,WAREMME,Waremme,64074,64
462,WASSEIGES,WASSEIGES,WASSEIGES,Wasseiges,64075,64
463,FAIMES,FAIMES,FAIMES,Faimes,64076,64
464,AS,AS,AS,As,71002,71
465,BERINGEN,BERINGEN,BERINGEN,Beringen,71004,71
466,DIEPENBEEK,DIEPENBEEK,DIEPENBEEK,Diepenbeek,71011,71
467,GENK,GENK,GENK,Genk,71016,71
468,GINGELOM,GINGELOM,GINGELOM,Gingelom,71017,71
469,HALEN,HALEN,HALEN,Halen,71020,71
470,HASSELT,HASSELT,HASSELT,Hasselt,71022,71
471,HERCK-LA-VILLE,HERK-DE-STAD,HERK-DE-STAD,Herk-de-Stad,71024,71
472,BOURG-LEOPOLD,LEOPOLDSBURG,LEOPOLDSBURG,Leopoldsburg,71034,71
473,LUMMEN,LUMMEN,LUMMEN,Lummen,71037,71
474,NIEUWERKERKEN,NIEUWERKERKEN,NIEUWERKERKEN,Nieuwerkerken,71045,71
475,OPGLABBEEK,OPGLABBEEK,OPGLABBEEK,Opglabbeek,71047,71
476,SAINT-TROND,SINT-TRUIDEN,SINT-TRUIDEN,Sint-Truiden,71053,71
477,TESSENDERLO,TESSENDERLO,TESSENDERLO,Tessenderlo,71057,71
478,ZONHOVEN,ZONHOVEN,ZONHOVEN,Zonhoven,71066,71
479,ZUTENDAAL,ZUTENDAAL,ZUTENDAAL,Zutendaal,71067,71
480,HAM,HAM,HAM,Ham,71069,71
481,HEUSDEN-ZOLDER,HEUSDEN-ZOLDER,HEUSDEN-ZOLDER,Heusden-Zolder,71070,71
482,BOCHOLT,BOCHOLT,BOCHOLT,Bocholt,72003,72
483,BREE,BREE,BREE,Bree,72004,72
484,KINROOI,KINROOI,KINROOI,Kinrooi,72018,72
485,LOMMEL,LOMMEL,LOMMEL,Lommel,72020,72
486,MAASEIK,MAASEIK,MAASEIK,Maaseik,72021,72
487,NEERPELT,NEERPELT,NEERPELT,Neerpelt,72025,72
488,OVERPELT,OVERPELT,OVERPELT,Overpelt,72029,72
489,PEER,PEER,PEER,Peer,72030,72
490,HAMONT-ACHEL,HAMONT-ACHEL,HAMONT-ACHEL,Hamont-Achel,72037,72
491,HECHTEL-EKSEL,HECHTEL-EKSEL,HECHTEL-EKSEL,Hechtel-Eksel,72038,72
492,HOUTHALEN-HELCHTEREN,HOUTHALEN-HELCHTEREN,HOUTHALEN-HELCHTEREN,Houthalen-Helchteren,72039,72
493,MEEUWEN-GRUITRODE,MEEUWEN-GRUITRODE,MEEUWEN-GRUITRODE,Meeuwen-Gruitrode,72040,72
494,DILSEN-STOKKEM,DILSEN-STOKKEM,DILSEN-STOKKEM,Dilsen-Stokkem,72041,72
495,ALKEN,ALKEN,ALKEN,Alken,73001,73
496,BILZEN,BILZEN,BILZEN,Bilzen,73006,73
497,LOOZ,BORGLOON,BORGLOON,Borgloon,73009,73
498,HEERS,HEERS,HEERS,Heers,73022,73
499,HERSTAPPE,HERSTAPPE,HERSTAPPE,Herstappe,73028,73
500,HOESELT,HOESELT,HOESELT,Hoeselt,73032,73
501,KORTESSEM,KORTESSEM,KORTESSEM,Kortessem,73040,73
502,LANAKEN,LANAKEN,LANAKEN,Lanaken,73042,73
503,RIEMST,RIEMST,RIEMST,Riemst,73066,73
504,TONGRES,TONGEREN,TONGEREN,Tongeren,73083,73
505,WELLEN,WELLEN,WELLEN,Wellen,73098,73
506,MAASMECHELEN,MAASMECHELEN,MAASMECHELEN,Maasmechelen,73107,73
507,FOURONS,VOEREN,VOEREN,Voeren,73109,73
508,ARLON,AARLEN,ARLON,Arlon,81001,81
509,ATTERT,ATTERT,ATTERT,Attert,81003,81
510,AUBANGE,AUBANGE,AUBANGE,Aubange,81004,81
511,MARTELANGE,MARTELANGE,MARTELANGE,Martelange,81013,81
512,MESSANCY,MESSANCY,MESSANCY,Messancy,81015,81
513,BASTOGNE,BASTENAKEN,BASTOGNE,Bastogne,82003,82
514,BERTOGNE,BERTOGNE,BERTOGNE,Bertogne,82005,82
515,FAUVILLERS,FAUVILLERS,FAUVILLERS,Fauvillers,82009,82
516,HOUFFALIZE,HOUFFALIZE,HOUFFALIZE,Houffalize,82014,82
517,VIELSALM,VIELSALM,VIELSALM,Vielsalm,82032,82
518,VAUX-SUR-SURE,VAUX-SUR-SURE,VAUX-SUR-SURE,Vaux-sur-Sûre,82036,82
519,GOUVY,GOUVY,GOUVY,Gouvy,82037,82
520,SAINTE-ODE,SAINTE-ODE,SAINTE-ODE,Sainte-Ode,82038,82
521,DURBUY,DURBUY,DURBUY,Durbuy,83012,83
522,EREZEE,EREZEE,EREZEE,Erezée,83013,83
523,HOTTON,HOTTON,HOTTON,Hotton,83028,83
524,LA ROCHE-EN-ARDENNE,LA ROCHE-EN-ARDENNE,LA ROCHE-EN-ARDENNE,La Roche-en-Ardenne,83031,83
525,MARCHE-EN-FAMENNE,MARCHE-EN-FAMENNE,MARCHE-EN-FAMENNE,Marche-en-Famenne,83034,83
526,NASSOGNE,NASSOGNE,NASSOGNE,Nassogne,83040,83
527,RENDEUX,RENDEUX,RENDEUX,Rendeux,83044,83
528,TENNEVILLE,TENNEVILLE,TENNEVILLE,Tenneville,83049,83
529,MANHAY,MANHAY,MANHAY,Manhay,83055,83
530,BERTRIX,BERTRIX,BERTRIX,Bertrix,84009,84
531,BOUILLON,BOUILLON,BOUILLON,Bouillon,84010,84
532,DAVERDISSE,DAVERDISSE,DAVERDISSE,Daverdisse,84016,84
533,HERBEUMONT,HERBEUMONT,HERBEUMONT,Herbeumont,84029,84
534,LEGLISE,LEGLISE,LEGLISE,Léglise,84033,84
535,LIBIN,LIBIN,LIBIN,Libin,84035,84
536,NEUFCHATEAU,NEUFCHATEAU,NEUFCHATEAU,Neufchâteau,84043,84
537,PALISEUL,PALISEUL,PALISEUL,Paliseul,84050,84
538,SAINT-HUBERT,SAINT-HUBERT,SAINT-HUBERT,Saint-Hubert,84059,84
539,TELLIN,TELLIN,TELLIN,Tellin,84068,84
540,WELLIN,WELLIN,WELLIN,Wellin,84075,84
541,LIBRAMONT-CHEVIGNY,LIBRAMONT-CHEVIGNY,LIBRAMONT-CHEVIGNY,Libramont-Chevigny,84077,84
542,CHINY,CHINY,CHINY,Chiny,85007,85
543,ETALLE,ETALLE,ETALLE,Etalle,85009,85
544,FLORENVILLE,FLORENVILLE,FLORENVILLE,Florenville,85011,85
545,MEIX-DEVANT-VIRTON,MEIX-DEVANT-VIRTON,MEIX-DEVANT-VIRTON,Meix-devant-Virton,85024,85
546,MUSSON,MUSSON,MUSSON,Musson,85026,85
547,SAINT-LEGER,SAINT-LEGER,SAINT-LEGER,Saint-Léger,85034,85
548,TINTIGNY,TINTIGNY,TINTIGNY,Tintigny,85039,85
549,VIRTON,VIRTON,VIRTON,Virton,85045,85
550,HABAY,HABAY,HABAY,Habay,85046,85
551,ROUVROY,ROUVROY,ROUVROY,Rouvroy,85047,85
552,ANHEE,ANHEE,ANHEE,Anhée,91005,91
553,BEAURAING,BEAURAING,BEAURAING,Beauraing,91013,91
554,BIEVRE,BIEVRE,BIEVRE,Bièvre,91015,91
555,CINEY,CINEY,CINEY,Ciney,91030,91
556,DINANT,DINANT,DINANT,Dinant,91034,91
557,GEDINNE,GEDINNE,GEDINNE,Gedinne,91054,91
558,HAMOIS,HAMOIS,HAMOIS,Hamois,91059,91
559,HAVELANGE,HAVELANGE,HAVELANGE,Havelange,91064,91
560,HOUYET,HOUYET,HOUYET,Houyet,91072,91
561,ONHAYE,ONHAYE,ONHAYE,Onhaye,91103,91
562,ROCHEFORT,ROCHEFORT,ROCHEFORT,Rochefort,91114,91
563,SOMME-LEUZE,SOMME-LEUZE,SOMME-LEUZE,Somme-Leuze,91120,91
564,YVOIR,YVOIR,YVOIR,Yvoir,91141,91
565,HASTIERE,HASTIERE,HASTIERE,Hastière,91142,91
566,VRESSE-SUR-SEMOIS,VRESSE-SUR-SEMOIS,VRESSE-SUR-SEMOIS,Vresse-sur-Semois,91143,91
567,ANDENNE,ANDENNE,ANDENNE,Andenne,92003,92
568,ASSESSE,ASSESSE,ASSESSE,Assesse,92006,92
569,EGHEZEE,EGHEZEE,EGHEZEE,Eghezée,92035,92
570,FLOREFFE,FLOREFFE,FLOREFFE,Floreffe,92045,92
571,FOSSES-LA-VILLE,FOSSES-LA-VILLE,FOSSES-LA-VILLE,Fosses-la-Ville,92048,92
572,GESVES,GESVES,GESVES,Gesves,92054,92
573,METTET,METTET,METTET,Mettet,92087,92
574,NAMUR,NAMEN,NAMUR,Namur,92094,92
575,OHEY,OHEY,OHEY,Ohey,92097,92
576,PROFONDEVILLE,PROFONDEVILLE,PROFONDEVILLE,Profondeville,92101,92
577,SOMBREFFE,SOMBREFFE,SOMBREFFE,Sombreffe,92114,92
578,SAMBREVILLE,SAMBREVILLE,SAMBREVILLE,Sambreville,92137,92
579,FERNELMONT,FERNELMONT,FERNELMONT,Fernelmont,92138,92
580,JEMEPPE-SUR-SAMBRE,JEMEPPE-SUR-SAMBRE,JEMEPPE-SUR-SAMBRE,Jemeppe-sur-Sambre,92140,92
581,LA BRUYERE,LA BRUYERE,LA BRUYERE,La Bruyère,92141,92
582,GEMBLOUX,GEMBLOUX,GEMBLOUX,Gembloux,92142,92
583,CERFONTAINE,CERFONTAINE,CERFONTAINE,Cerfontaine,93010,93
584,COUVIN,COUVIN,COUVIN,Couvin,93014,93
585,DOISCHE,DOISCHE,DOISCHE,Doische,93018,93
586,FLORENNE,FLORENNE,FLORENNE,Florennes,93022,93
587,PHILIPPEVILLE,PHILIPPEVILLE,PHILIPPEVILLE,Philippeville,93056,93
588,WALCOURT,WALCOURT,WALCOURT,Walcourt,93088,93
589,VIROINVAL,VIROINVAL,VIROINVAL,Viroinval,93090,93
